X,Y,fid,objectid,cam_num,notes,location,proj,xcoord,ycoord,created_us,created_da,last_edite,last_edi_1
-8528128.0562,4768300.95290001,1,1,535, ,Greenmount  - 30th,BPD Cameras,-76.60947777,39.32478055, , , , 
-8528244.6324,4764599.296,2,2,2508, ,JFX North,BPD Cameras,-76.610525,39.29905277, , , , 
-8528260.4026,4764887.80200002,3,3,2507, ,JFX south,BPD Cameras,-76.61066666,39.30105833, , , , 
-8528267.2055,4764917.37240002,4,4,2506, ,Fallsway and Eager,BPD Cameras,-76.61072777,39.30126388, , , , 
-8528167.018,4765048.44200001,5,5,2505, ,Warden St Lot,BPD Cameras,-76.60982777,39.30217499, , , , 
-8527986.4331,4764883.4065,6,6,2504, ,Eager St(widows Peak),BPD Cameras,-76.60820555,39.30102777, , , , 
-8528251.7445,4764410.2931,7,7,2503, ,Monument and Fallsway,BPD Cameras,-76.61058888,39.29773888, , , , 
-8528067.7581,4764562.9336,8,8,2502, ,Madison and Constitution,BPD Cameras,-76.60893611,39.29879999, , , , 
-8534766.7177,4765475.22920001,9,9,930, ,Rosedale - Brighton,BPD Cameras,-76.66911388,39.30514166, , , , 
-8533855.1347,4764791.899,10,10,932, ,Riggs - Braddish,BPD Cameras,-76.66092499,39.30039166, , , , 
-8534139.9271,4764778.3126,11,11,931, ,Riggs - Dukeland,BPD Cameras,-76.66348333,39.30029722, , , , 
-8530802.3625,4765361.0763,12,12,1113, ,Division St - Islamic Way,BPD Cameras,-76.63350148,39.30434818, , , , 
-8531148.8342,4762811.70170001,13,13,1029, ,Lombard & Carrolton,BPD Cameras,-76.63661388,39.286625, , , , 
-8530587.7967,4765131.6003,14,14,1118, ,Division St - Mosher St,BPD Cameras,-76.631574,39.30275305, , , , 
-8528708.1544,4762464.528,15,15,1920, ,Charles and Conway,BPD Cameras,-76.61468888,39.28421111, , , , 
-8529038.4023,4762442.9549,16,16,1931, ,Sharp and Conway,BPD Cameras,-76.61765555,39.28406111, , , , 
-8529126.5302,4761615.22160001,17,17,1922, ,182 Hamburg st,BPD Cameras,-76.61844722,39.27830555, , , , 
-8530917.9809,4764820.6318,18,18,1116, ,Mosher St - Argyle St,BPD Cameras,-76.63454009,39.3005914, , , , 
-8530802.3625,4765361.0763,19,19,1113, ,Division St - Islamic Way,BPD Cameras,-76.63350148,39.30434818, , , , 
-8530914.4637,4765472.40580001,20,20,1111, ,Division - Laurens,BPD Cameras,-76.6345085,39.30512204, , , , 
-8531129.7971,4765698.277,21,21,1107, ,Division - Presstman,BPD Cameras,-76.63644287,39.30669205, , , , 
-8531667.216,4765833.1268,22,22,1102, ,Carey St - Baker St,BPD Cameras,-76.64127059,39.30762937, , , , 
-8525146.4996,4765422.767,23,23,625, ,Milton & E Biddle St,BPD Cameras,-76.58269399,39.304777, , , , 
-8530992.7997,4765224.9998,24,24,1966, ,Avenue Market Parking Lot,BPD Cameras,-76.6352122,39.30340229, , , , 
-8529418.9417,4763440.3841,25,25,01, ,Eutaw-Lexington Market,BPD Cameras,-76.62107399,39.290996, , , , 
-8529411.7515,4763353.9863,26,26,02, ,Eutaw-Fayette,BPD Cameras,-76.6210094,39.29039532, , , , 
-8529409.0343,4763199.8951,27,27,03, ,Eutaw-Baltimore,BPD Cameras,-76.620985,39.289324, , , , 
-8529404.91549999,4763106.9804,28,28,04, ,Eutaw-Redwood,BPD Cameras,-76.620948,39.28867799, , , , 
-8529394.4514,4762941.5773,29,29,05, ,Eutaw-Lombard,BPD Cameras,-76.62085399,39.287528, , , , 
-8529374.5253,4762613.22390001,30,30,06, ,Eutaw-Camden,BPD Cameras,-76.620675,39.285245, , , , 
-8529536.3838,4762758.7739,31,31,07, ,Paca-Pratt,BPD Cameras,-76.622129,39.28625699, , , , 
-8529701.9159,4762925.3248,32,32,08, ,Greene-Lombard,BPD Cameras,-76.623616,39.287415, , , , 
-8529710.7101,4763185.2243,33,33,09, ,Greene-Baltimore,BPD Cameras,-76.62369499,39.28922199, , , , 
-8529719.8384,4763345.0221,34,34,10, ,Greene-Fayette,BPD Cameras,-76.623777,39.290333, , , , 
-8529726.5175,4763495.1854,35,35,11, ,Greene-Lexington,BPD Cameras,-76.623837,39.291377, , , , 
-8529567.7758,4763350.3439,36,36,12, ,Paca-Fayette,BPD Cameras,-76.62241099,39.29037, , , , 
-8529226.4677,4762947.4925,37,37,13, ,Howard-Lombard,BPD Cameras,-76.61934497,39.28756912, , , , 
-8529229.142,4762767.11570001,38,38,14, ,Howard-Pratt,BPD Cameras,-76.61936899,39.28631499, , , , 
-8529219.5685,4762621.42180001,39,39,15, ,Howard-Camden,BPD Cameras,-76.619283,39.28530199, , , , 
-8528875.3686,4762786.8198,40,40,16, ,S Hanover- W Pratt,BPD Cameras,-76.61619099,39.286452, , , , 
-8529042.4592,4762961.7131,41,41,17, ,Hopkins Pl - W Lombard St,BPD Cameras,-76.617692,39.287668, , , , 
-8529053.3685,4763208.52500001,42,42,18, ,Park Ave-W Baltimore St,BPD Cameras,-76.61778999,39.28938399, , , , 
-8529241.4985,4763208.8127,43,43,19, ,S Howard St - W Baltimore St,BPD Cameras,-76.61948,39.289386, , , , 
-8529242.6117,4763361.41900001,44,44,20, ,N Howard St-W Fayette St,BPD Cameras,-76.61949,39.29044699, , , , 
-8529261.9813,4763527.5484,45,45,21, ,N Howard St - W Lexington St,BPD Cameras,-76.619664,39.291602, , , , 
-8529078.972,4763524.5278,46,46,22, ,Park Ave-W Lexington St,BPD Cameras,-76.61801999,39.291581, , , , 
-8528974.7769,4763537.3292,47,47,23, ,N Liberty St - W Lexington St,BPD Cameras,-76.61708399,39.29166999, , , , 
-8529040.4555,4763361.99440001,48,48,24, ,N Liberty St-W Fayette St,BPD Cameras,-76.617674,39.290451, , , , 
-8529075.0758,4763369.18610001,49,49,25, ,Park Ave - W Fayette St,BPD Cameras,-76.61798499,39.29050099, , , , 
-8528947.9701,4763634.3325,50,50,26, ,N Liberty St-Clay St,BPD Cameras,-76.61684319,39.29234439, , , , 
-8528940.6018,4763731.36620001,51,51,27, ,Cathedral St - W Saratoga St,BPD Cameras,-76.61677699,39.293019, , , , 
-8528942.3829,4763880.0968,52,52,28, ,Cathedral St-W Mulberry St,BPD Cameras,-76.61679299,39.294053, , , , 
-8528797.2223,4763894.1932,53,53,29, ,N Charles St - E Mulberry St,BPD Cameras,-76.61548899,39.294151, , , , 
-8528951.1772,4764023.2197,54,54,30, ,Cathedral St-W Franklin St,BPD Cameras,-76.616872,39.29504799, , , , 
-8529112.8132,4764017.8975,55,55,31, ,Park Ave - W Franklin St,BPD Cameras,-76.618324,39.295011, , , , 
-8529101.6812,4763874.9184,56,56,32, ,Park Ave-W Mulberry St,BPD Cameras,-76.618224,39.29401699, , , , 
-8529094.334,4763722.01660001,57,57,33, ,Park Ave - W Saratoga St,BPD Cameras,-76.61815799,39.29295399, , , , 
-8529261.4247,4763713.674,58,58,34, ,N Howard St - W Saratoga St,BPD Cameras,-76.619659,39.292896, , , , 
-8529274.1151,4763870.6032,59,59,35, ,N Howard St - W Mulberry St,BPD Cameras,-76.619773,39.29398699, , , , 
-8529276.8283,4764009.98170001,60,60,36, ,N Howard St-W Franklin St,BPD Cameras,-76.61979737,39.29495596, , , , 
-8529290.1451,4764190.223,61,61,37, ,N Howard St - W Centre St,BPD Cameras,-76.619917,39.296209, , , , 
-8529445.9923,4764129.95180001,62,62,38, ,N Eutaw St-George St,BPD Cameras,-76.62131699,39.29578999, , , , 
-8529558.7589,4763193.2789,63,63,39, ,S Paca St - W Baltimore St,BPD Cameras,-76.62232999,39.289278, , , , 
-8529426.8454,4763704.1806,64,64,40, ,N Eutaw St-W Saratoga,BPD Cameras,-76.62114499,39.29283, , , , 
-8529582.0248,4763703.0299,65,65,41, ,N Paca St - W Saratoga St,BPD Cameras,-76.622539,39.292822, , , , 
-8529585.5869,4763849.02720001,66,66,42, ,N Paca St-W Mulberry St,BPD Cameras,-76.62257099,39.293837, , , , 
-8529571.1155,4763502.5209,67,67,43, ,N Paca St - W Lexington St,BPD Cameras,-76.622441,39.29142799, , , , 
-8529739.2079,4763986.3959,68,68,44, ,N Greene St-W Franklin St,BPD Cameras,-76.623951,39.29479199, , , , 
-8529732.974,4763705.61900001,69,69,45, ,N Greene St - W Saratoga St,BPD Cameras,-76.62389499,39.29283999, , , , 
-8529439.6472,4764000.4925,70,70,46, ,N Eutaw St-W Franklin St,BPD Cameras,-76.62126,39.29488999, , , , 
-8529440.7804,4764260.2565,71,71,47, ,N Eutaw St - Druid Hill Ave,BPD Cameras,-76.62127018,39.29669586, , , , 
-8529432.8567,4763860.2466,72,72,48, ,N Eutaw St-W Mulberry St,BPD Cameras,-76.621199,39.29391499, , , , 
-8529595.0491,4764130.23960001,73,73,49, ,N Paca St - George St,BPD Cameras,-76.62265599,39.295792, , , , 
-8528960.6603,4764203.22730001,74,74,50, ,Cathedral St-W Centre St,BPD Cameras,-76.61695718,39.2962994, , , , 
-8528906.9155,4763487.2274,75,75,51, ,Center Plaza,BPD Cameras,-76.61647439,39.29132167, , , , 
-8528884.2232,4763122.95720001,76,76,52, ,Hopkins Plaza,BPD Cameras,-76.61627054,39.28878908, , , , 
-8528758.8172,4763228.94910001,77,77,53, ,Charles-Baltimore,BPD Cameras,-76.615144,39.28952599, , , , 
-8528727.5363,4762972.64410001,78,78,54, ,S Charles St-E Lombard St,BPD Cameras,-76.61486299,39.28774399, , , , 
-8528628.796,4763465.4113,79,79,55, ,Saint Paul St - E Lexington St,BPD Cameras,-76.613976,39.29116999, , , , 
-8528599.973,4763127.4361,80,80,56, ,Light St-E Redwood St,BPD Cameras,-76.61371707,39.28882022, , , , 
-8528458.6998,4763352.789,81,81,57, ,N Calvert St - E Fayette St,BPD Cameras,-76.612448,39.29038699, , , , 
-8528411.6116,4763143.65720001,82,82,58, ,S Calvert St-E Redwood St,BPD Cameras,-76.61202499,39.28893299, , , , 
-8528423.8568,4762984.2941,83,83,59, ,S Calvert St - E Lombard St,BPD Cameras,-76.612135,39.28782499, , , , 
-8528310.1996,4763476.199,84,84,60, ,60 - Guilford Ave-E Lexington St,BPD Cameras,-76.611114,39.29124499, , , , 
-8528302.8525,4763254.1197,85,85,61, ,South St - E Baltimore St,BPD Cameras,-76.611048,39.289701, , , , 
-8528293.1677,4763090.8715,86,86,62, ,South St-Water St,BPD Cameras,-76.610961,39.28856599, , , , 
-8528225.7081,4763655.9948,87,87,63, ,N Holliday St - E Saratoga St,BPD Cameras,-76.610355,39.292495, , , , 
-8528216.9138,4763368.7546,88,88,64, ,N Holiday St-E Fayette St,BPD Cameras,-76.61027599,39.290498, , , , 
-8528199.1027,4762987.7461,89,89,65, ,Commerce St - E Lombard St,BPD Cameras,-76.610116,39.287849, , , , 
-8528188.6387,4762817.0232,90,90,66, ,Commerce St - E Pratt St,BPD Cameras,-76.61002199,39.28666199, , , , 
-8528158.9672,4763183.5694,91,91,67, ,Custom House Ave,BPD Cameras,-76.60975545,39.28921049, , , , 
-8528068.7476,4763264.3318,92,92,68, ,S Gay St - E Baltimore St,BPD Cameras,-76.608945,39.28977199, , , , 
-8528056.1686,4763099.21360001,93,93,69, ,S Gay St - Water St,BPD Cameras,-76.608832,39.28862399, , , , 
-8527944.5851,4763495.2892,94,94,70, ,E Saratoga St - E Lexington Stb,BPD Cameras,-76.60782962,39.29137772, , , , 
-8527845.9973,4762995.6566,95,95,71, ,Market Pl - E Lombard St,BPD Cameras,-76.60694399,39.28790399, , , , 
-8529816.7976,4763487.70590001,96,96,72, ,Pearl St - W Lexington St,BPD Cameras,-76.62464799,39.291325, , , , 
-8529736.8702,4763840.68440001,97,97,73, ,N Greene St - W Mulberry St,BPD Cameras,-76.62393,39.29377899, , , , 
-8529619.0339,4764376.7036,98,98,74, ,Druid Hill Ave - Saint Mary St,BPD Cameras,-76.62287145,39.29750538, , , , 
-8529862.9754,4764134.5534,99,99,75, ,Pennsylvania Ave -Saint Mary St,BPD Cameras,-76.62506282,39.29582198, , , , 
-8529460.5752,4764342.70040002,100,100,76, ,N Eutaw St & W Monument St,BPD Cameras,-76.62144799,39.29726899, , , , 
-8528788.8735,4763631.8301,101,101,77, ,Saratoga-Charles,BPD Cameras,-76.615414,39.292327, , , , 
-8526418.1022,4763867.87020001,102,102,201, ,E Fayette St - N Broadway,BPD Cameras,-76.594117,39.29396799, , , , 
-8526408.3061,4763675.70060001,103,103,202, ,E Fairmount Ave - N Broadway,BPD Cameras,-76.594029,39.292632, , , , 
-8526398.8439,4763518.91820001,104,104,203, ,E Baltimore St - S Broadway,BPD Cameras,-76.59394399,39.29154199, , , , 
-8526157.6146,4763529.562,105,105,204, ,E Baltimore St - S Ann St,BPD Cameras,-76.591777,39.29161599, , , , 
-8525870.8555,4763548.40460001,106,106,205, ,E Baltimore St - S Washington St,BPD Cameras,-76.58920099,39.291747, , , , 
-8526390.495,4763354.51500002,107,107,206, ,E Lombard St - S Broadway,BPD Cameras,-76.593869,39.29039899, , , , 
-8526150.1562,4763368.89840001,108,108,207, ,E Lombard St - S Ann St,BPD Cameras,-76.59171,39.290499, , , , 
-8526076.3514,4763371.91900001,109,109,208, ,E Lombard St - S Durham St,BPD Cameras,-76.591047,39.29052, , , , 
-8525931.8586,4763376.95310001,110,110,209, ,E Lombard St - S Chapel St,BPD Cameras,-76.58974899,39.29055499, , , , 
-8525860.2803,4763379.5421,111,111,210, ,E Lombard St - S Washington St,BPD Cameras,-76.589106,39.290573, , , , 
-8526383.1479,4763190.25840001,112,112,211, ,E Pratt St - S Broadway,BPD Cameras,-76.593803,39.289257, , , , 
-8526595.5912,4763173.41770001,113,113,212, ,E Pratt St - N Bond St,BPD Cameras,-76.59571141,39.28913991, , , , 
-8526372.1273,4762955.24090001,114,114,213, ,Gough St - S Broadway,BPD Cameras,-76.593704,39.287623, , , , 
-8526230.5289,4762965.74030001,115,115,214, ,Gough St - S Regester St,BPD Cameras,-76.592432,39.28769599, , , , 
-8526364.7802,4762809.4004,116,116,215, ,Bank St - S Broadway,BPD Cameras,-76.593638,39.28660899, , , , 
-8526565.378,4762795.44940001,117,117,216, ,Bank St - S Bond St,BPD Cameras,-76.59544,39.286512, , , , 
-8526355.7632,4762661.11710001,118,118,218, ,Eastern Ave - S Broadway,BPD Cameras,-76.59355699,39.28557799, , , , 
-8526116.3151,4762676.6501,119,119,219, ,Eastern Ave - S Ann St,BPD Cameras,-76.591406,39.285686, , , , 
-8526356.7254,4762521.0157,120,120,220, ,Fleet St - S Broadway,BPD Cameras,-76.59356564,39.28460387, , , , 
-8526322.7014,4762515.2809,121,121,221, ,Fleet St - S Broadway St (East),BPD Cameras,-76.59326,39.28456399, , , , 
-8526110.4152,4762538.5801,122,122,222, ,Fleet St - S Ann St,BPD Cameras,-76.591353,39.284726, , , , 
-8526708.3121,4762495.28970001,123,123,223, ,Fleet St - S Caroline St,BPD Cameras,-76.59672399,39.28442499, , , , 
-8526877.629,4762483.92790001,124,124,224, ,Fleet St - S Eden St,BPD Cameras,-76.59824499,39.284346, , , , 
-8526314.3267,4762367.24580001,125,125,225, ,S Broadway - Aliceanna St(East),BPD Cameras,-76.59318476,39.28353469, , , , 
-8526307.6732,4762123.6623,126,126,227, ,Thames St - S Broadway,BPD Cameras,-76.59312499,39.281841, , , , 
-8530568.9731,4757623.522,127,127,307, ,Behind Bldg 1200,BPD Cameras,-76.6314049,39.25054306, , , , 
-8530660.2189,4757680.0886,128,128,302, ,Back of 1312 Shellbanks,BPD Cameras,-76.63222458,39.25093656, , , , 
-8530620.3016,4757615.03190001,129,129,305, ,Shellbanks Rd - Blyden Rd,BPD Cameras,-76.63186599,39.250484, , , , 
-8530747.6512,4757562.13150001,130,130,303, ,Berea Rd - Slater Rd,BPD Cameras,-76.63301,39.250116, , , , 
-8530634.7896,4757403.2681,131,131,308, ,Fisk Rd - Slater Rd,BPD Cameras,-76.63199614,39.24901086, , , , 
-8530657.3509,4757366.46960001,132,132,309, ,Behind 1201 Slater Rd,BPD Cameras,-76.63219881,39.24875487, , , , 
-8530741.0678,4757492.2258,133,133,306, ,Back of 1301 Slater Rd.,BPD Cameras,-76.63295086,39.2496297, , , , 
-8530451.0961,4757505.35,134,134,310, ,Giles Rd - Shellbanks Rd,BPD Cameras,-76.630346,39.249721, , , , 
-8530410.1856,4757463.38200001,135,135,311, ,Rear of 2701 Giles-Shellbanks,BPD Cameras,-76.62997849,39.24942904, , , , 
-8530330.871,4757341.18860001,136,136,313, ,Spelman Rd - Woodview Rd,BPD Cameras,-76.629266,39.24857899, , , , 
-8530247.4927,4757345.93230001,137,137,314, ,Woodview Rd - Round Rd,BPD Cameras,-76.628517,39.248612, , , , 
-8530505.086,4757315.17030001,138,138,312, ,Sethlow Rd - Slater Rd,BPD Cameras,-76.630831,39.24839799, , , , 
-8530385.4942,4757280.00330001,139,139,315, ,Rear of Comm Ctr.,BPD Cameras,-76.62975668,39.24815335, , , , 
-8530421.5123,4757136.4396,140,140,316, ,Behind Community Center 1039,BPD Cameras,-76.63008024,39.24715462, , , , 
-8530279.2188,4757121.2569,141,141,317, ,Spelman Rd - Claflin Ct,BPD Cameras,-76.628802,39.247049, , , , 
-8530236.1003,4756950.85650001,142,142,319, ,Spelman Rd - S Denham Cir,BPD Cameras,-76.62841466,39.24586355, , , , 
-8530156.3588,4757029.5618,143,143,318, ,2822 Round Rd.,BPD Cameras,-76.62769833,39.24641109, , , , 
-8530250.8322,4756770.38230001,144,144,322, ,2824 N Denham Cir,BPD Cameras,-76.62854699,39.244608, , , , 
-8530278.3032,4756757.03660001,145,145,321, ,Rear of 2822 Denham,BPD Cameras,-76.62879377,39.24451515, , , , 
-8530187.6836,4756808.09410001,146,146,323, ,Off 2820 Spellman,BPD Cameras,-76.62797972,39.24487036, , , , 
-8530136.031,4756849.818,147,147,324, ,Bridgeview Rd - Spelman Rd,BPD Cameras,-76.62751572,39.24516063, , , , 
-8529950.6036,4756814.3667,148,148,327, ,3301 Round Rd.,BPD Cameras,-76.62584999,39.24491399, , , , 
-8530023.7643,4756725.34280001,149,149,326, ,Side of 2901 Denham Cir.,BPD Cameras,-76.62650721,39.24429465, , , , 
-8529974.9826,4756628.08100002,150,150,333, ,Bethune Rd - Spelman Rd,BPD Cameras,-76.626069,39.24361799, , , , 
-8530779.3499,4757639.26750001,151,151,301, ,Behind 2708 Berea Rd.,BPD Cameras,-76.63329475,39.25065259, , , , 
-8530719.376,4757584.55650001,152,152,304, ,Behind 2711 Berea Rd.,BPD Cameras,-76.63275599,39.25027199, , , , 
-8530508.3608,4757292.39440001,153,153,352, ,Maint. Backyard 1,BPD Cameras,-76.63086041,39.24823955, , , , 
-8530486.5644,4757259.25180001,154,154,353, ,Maint Backyard 2,BPD Cameras,-76.63066461,39.24800899, , , , 
-8530528.8137,4757252.0858,155,155,355, ,Maint. Garage Doors,BPD Cameras,-76.63104414,39.24795914, , , , 
-8530378.3282,4757329.26930001,156,156,354, ,Back of Comm. Ctr.,BPD Cameras,-76.62969231,39.24849608, , , , 
-8530470.5902,4757274.0316,157,157,356, ,Back of Comm. Ctr. 2,BPD Cameras,-76.63052111,39.24811181, , , , 
-8529854.4235,4756830.75310001,158,158,328, ,Behind 911 Coppin Court,BPD Cameras,-76.62498599,39.245028, , , , 
-8530169.7136,4756673.9772,159,159,325, ,Rear of 2917 S Denham Cir.,BPD Cameras,-76.62781829,39.2439373, , , , 
-8529931.4567,4756516.11010001,160,160,335, ,3430 Spelman Rd,BPD Cameras,-76.625678,39.242839, , , , 
-8529887.4855,4756485.35050001,161,161,336, ,3456 Spelman Rd,BPD Cameras,-76.625283,39.24262499, , , , 
-8529911.9757,4756427.8565,162,162,337, ,3446 Spelman Rd(Parking Lot),BPD Cameras,-76.62550299,39.242225, , , , 
-8529739.661,4756468.1583,163,163,338, ,Spellman Rd. LLC#7076,BPD Cameras,-76.62395507,39.24250538, , , , 
-8529746.8687,4756401.90710001,164,164,339, ,3486 Spelman Rd.,BPD Cameras,-76.62401981,39.24204446, , , , 
-8529811.0889,4756676.0173,165,165,332, ,3401 Round Rd.,BPD Cameras,-76.62459671,39.24395149, , , , 
-8529722.5844,4756701.6982,166,166,331, ,Rear of 3411 Round Rd.,BPD Cameras,-76.62380166,39.24413016, , , , 
-8529608.2961,4756582.3726,167,167,341, ,Seagull Ave. LLC#7076,BPD Cameras,-76.62277499,39.2433, , , , 
-8529554.8388,4756526.979,168,168,340, ,Seagull Ave. behind UMBC,BPD Cameras,-76.62229478,39.24291461, , , , 
-8529396.9005,4756863.6697,169,169,344, ,Seagull Ave - Bethune Rd,BPD Cameras,-76.62087599,39.24525699, , , , 
-8529428.6266,4756795.5367,170,170,343, ,835 Seagull Ave.,BPD Cameras,-76.621161,39.24478299, , , , 
-8529387.9313,4756755.0958,171,171,342, ,Behind 835 Seagull Ave,BPD Cameras,-76.62079542,39.24450165, , , , 
-8529725.293,4756835.4965,172,172,330, ,Bethune Rd - Bunche Rd,BPD Cameras,-76.623826,39.24506099, , , , 
-8529782.8451,4756885.80590001,173,173,329, ,Coppin Ct - Bunche Rd .,BPD Cameras,-76.62434299,39.24541099, , , , 
-8529995.7993,4757234.3845,174,174,348, ,2627 Carver Rd,BPD Cameras,-76.62625599,39.24783599, , , , 
-8529900.5098,4757087.33320001,175,175,346, ,Carver Rd - Bridgeview Rd,BPD Cameras,-76.62539999,39.246813, , , , 
-8529926.7813,4757230.0721,176,176,347, ,Rear of 2805 Carver Rd.,BPD Cameras,-76.625636,39.24780599, , , , 
-8529947.4866,4757350.2447,177,177,349, ,2609 Carver Rd.,BPD Cameras,-76.62582199,39.24864199, , , , 
-8529891.8269,4757322.6452,178,178,350, ,2615 Carver Rd. (in circle),BPD Cameras,-76.625322,39.24845, , , , 
-8530314.8675,4756886.7562,179,179,320, ,Side of 2810 Denham Cr.,BPD Cameras,-76.62912223,39.24541761, , , , 
-8529820.7262,4757023.07340001,180,180,345, ,Carver Rd. Front of School,BPD Cameras,-76.62468329,39.24636595, , , , 
-8530055.4666,4756500.1553,181,181,334, ,Back Circle 1019 Bethune Rd.,BPD Cameras,-76.62679199,39.24272799, , , , 
-8522153.7864,4762872.82790001,182,182,402, ,Eastern Ave - Oldham St,BPD Cameras,-76.55580999,39.28705, , , , 
-8522403.476,4762886.05990001,183,183,403, ,Eastern Ave - S Lehigh St,BPD Cameras,-76.55805299,39.28714199, , , , 
-8522240.8383,4762870.52660001,184,184,404, ,Eastern Ave - S Newkirk St,BPD Cameras,-76.55659199,39.28703399, , , , 
-8528126.51,4767346.433,185,185,509, ,Greenmount Ave - E 25th St,BPD Cameras,-76.60946388,39.31814722, , , , 
-8528427.691,4767334.0424,186,186,508, ,Falls St Alley - E 25th St,BPD Cameras,-76.61216944,39.31806111, , , , 
-8528049.2048,4767122.2059,187,187,510, ,Boone St - E 24th St,BPD Cameras,-76.60876944,39.31658888, , , , 
-8528233.8097,4767074.6432,188,188,512, ,Brentwood Ave - E 24th St,BPD Cameras,-76.61042777,39.31625833, , , , 
-8528537.4646,4767912.4188,189,189,501, ,Guilford Ave - E 28th St,BPD Cameras,-76.61315555,39.32208055, , , , 
-8527901.7065,4767042.6684,190,190,511, ,Cokesbury Ave - E 23rd St,BPD Cameras,-76.60744444,39.31603611, , , , 
-8528133.313,4766964.3307,191,191,513, ,Greenmount Ave - E 23rd St,BPD Cameras,-76.609525,39.31549166, , , , 
-8527986.1238,4766956.7367,192,192,515, ,23rd ST. - Boone,BPD Cameras,-76.60820277,39.31543888, , , , 
-8528488.6077,4766954.7383,193,193,514, ,Guilford Ave - E 23rd St,BPD Cameras,-76.61271666,39.31542499, , , , 
-8528136.7143,4766822.8445,194,194,516, ,Greenmount Ave - E 22nd St,BPD Cameras,-76.60955555,39.31450833, , , , 
-8527888.1008,4766840.0307,195,195,517, ,Homewood Ave - E 22nd St,BPD Cameras,-76.60732222,39.31462777, , , , 
-8528013.9537,4766683.35890001,196,196,520, ,Boone St - E 21st St,BPD Cameras,-76.60845277,39.31353888, , , , 
-8528134.5498,4766567.85480001,197,197,521, ,Greenmount Ave - Worsley St,BPD Cameras,-76.60953611,39.31273611, , , , 
-8528303.3844,4766524.2914,198,198,522, ,Barclay St - E 20th St,BPD Cameras,-76.61105277,39.31243333, , , , 
-8528134.2406,4767614.6328,199,199,506, ,Greenmount Ave - E Lorraine Ave,BPD Cameras,-76.60953333,39.32001111, , , , 
-8528300.9106,4766464.3421,200,200,523, ,Barclay St - Heaver St,BPD Cameras,-76.61103055,39.31201666, , , , 
-8528387.4924,4766362.0294,201,201,525, ,E North Ave - Guilford Ave,BPD Cameras,-76.61180833,39.31130555, , , , 
-8528131.45749999,4767922.4118,202,202,502, ,Greenmount Ave - E 28th St,BPD Cameras,-76.60950833,39.32215, , , , 
-8528590.3413,4766257.3198,203,203,526, ,N Calvert St - McAllister St,BPD Cameras,-76.61363055,39.31057777, , , , 
-8528285.4496,4766178.98800001,204,204,528, ,Barclay St - E Lafayette Ave,BPD Cameras,-76.61089166,39.31003333, , , , 
-8528451.1919,4766187.3807,205,205,527, ,Guilford Ave - E Lafayette Ave,BPD Cameras,-76.61238055,39.31009166, , , , 
-8528514.8914,4767543.8848,206,206,507, ,Guilford Ave - E 26th St,BPD Cameras,-76.61295277,39.31951944, , , , 
-8528269.6793,4765953.1885,207,207,529, ,Barclay St - Pitman Pl,BPD Cameras,-76.61075,39.30846388, , , , 
-8527985.8145,4765431.6705,208,208,530, ,Greenmount Ave - E Preston St,BPD Cameras,-76.60819999,39.30483888, , , , 
-8527955.8202,4765279.81600001,209,209,531, ,Greenmount Ave - E Biddle St,BPD Cameras,-76.60793055,39.30378333, , , , 
-8528134.2405,4767745.7374,210,210,503, ,Greenmount-27th,BPD Cameras,-76.60953333,39.32092222, , , , 
-8528313.8978,4767739.7418,211,211,504, ,Barclay St - E 27th St,BPD Cameras,-76.61114722,39.32088055, , , , 
-8528476.2388,4766662.9756,212,212,519, ,Guilford Ave - E 21st St,BPD Cameras,-76.61260555,39.31339722, , , , 
-8527923.6612,4765128.763,213,213,532, ,Greenmount Ave - E Chase St,BPD Cameras,-76.60764166,39.30273333, , , , 
-8527882.2256,4764931.35840001,214,214,533, ,Greenmount Ave - E Eager St,BPD Cameras,-76.60726944,39.30136111, , , , 
-8528143.8263,4766349.2403,215,215,524, ,Greenmount - E North Ave,BPD Cameras,-76.60961944,39.31121666, , , , 
-8528315.1347,4767832.0755,216,216,505, ,Barclay St - Whitridge Ave,BPD Cameras,-76.61115833,39.32152222, , , , 
-8522322.6581,4762867.9378,217,217,401, ,Eastern Ave - S Macon St,BPD Cameras,-76.557327,39.287016, , , , 
-8525722.578,4764540.9245,218,218,601, ,E Monument St - N Chester St,BPD Cameras,-76.58786899,39.298647, , , , 
-8525642.5169,4764391.33410001,219,219,602, ,McElderry St - N Duncan St,BPD Cameras,-76.58714979,39.29760709, , , , 
-8525513.5294,4764692.0063,220,220,604, ,E Madison St - N Mederia St,BPD Cameras,-76.58599108,39.29969726, , , , 
-8525402.4569,4764544.2082,221,221,605, ,E Monument St - N Patterson Park Ave,BPD Cameras,-76.5849933,39.29866982, , , , 
-8525325.1241,4764393.42420001,222,222,606, ,McElderry St - N Bradford St,BPD Cameras,-76.58429861,39.29762162, , , , 
-8525260.8247,4764563.94050001,223,223,607, ,E Monument St - N Montford Ave,BPD Cameras,-76.58372099,39.29880699, , , , 
-8525189.5802,4764720.16390001,224,224,608, ,E Madison -N Port,BPD Cameras,-76.58308099,39.299893, , , , 
-8525104.7549,4764571.7086,225,225,609, ,E Monument St - N Milton Ave,BPD Cameras,-76.582319,39.298861, , , , 
-8525010.1199,4764420.5953,226,226,610, ,McElderry St - N Rose St,BPD Cameras,-76.58146888,39.2978105, , , , 
-8524947.3491,4764579.4765,227,227,611, ,E Monument St - N Luzerne Ave,BPD Cameras,-76.580905,39.29891499, , , , 
-8524875.882,4764735.1246,228,228,612, ,E Madison St - N Glover St,BPD Cameras,-76.580263,39.299997, , , , 
-8524790.166,4764586.81290001,229,229,613, ,E Monument St - N Lakewood Ave,BPD Cameras,-76.579493,39.29896599, , , , 
-8524694.22,4764440.7495,230,230,614, ,McElderry St - N Belnord Ave,BPD Cameras,-76.5786311,39.29795061, , , , 
-8524633.4282,4764595.87550001,231,231,615, ,E Monument St - N Kenwood Ave,BPD Cameras,-76.578085,39.29902899, , , , 
-8524561.2931,4764751.81160001,232,232,616, ,E Madison St - N Streeper St,BPD Cameras,-76.57743699,39.300113, , , , 
-8524453.2643,4764434.4793,233,233,617, ,McElderry St - N Linwood Ave,BPD Cameras,-76.57646656,39.29790702, , , , 
-8524397.0969,4764607.8153,234,234,618, ,E Monument St - N Curley St,BPD Cameras,-76.575962,39.299112, , , , 
-8524297.4043,4764457.3208,235,235,619, ,McElderry St - N Potomac St,BPD Cameras,-76.57506644,39.29806581, , , , 
-8524225.1476,4764605.119,236,236,620, ,E Monument - Decker,BPD Cameras,-76.57441735,39.29909325, , , , 
-8524168.4467,4764770.5126,237,237,621, ,E Madison St - N Ellwood Ave,BPD Cameras,-76.573908,39.300243, , , , 
-8524080.8382,4764624.07040001,238,238,622, ,E Monument St - N Robinson St,BPD Cameras,-76.573121,39.29922499, , , , 
-8524405.7798,4764757.2781,239,239,623, ,E Madison St - N Curley St,BPD Cameras,-76.57604,39.300151, , , , 
-8524077.0508,4764453.73780001,240,240,624, ,McElderry St - N Robinson St,BPD Cameras,-76.57308697,39.2980409, , , , 
-8533537.4289,4765817.9668,241,241,701, ,Thomas Ave - Presbury St,BPD Cameras,-76.65807099,39.307524, , , , 
-8533542.3269,4765948.6006,242,242,701, ,Thomas Ave - Westwood Ave,BPD Cameras,-76.65811499,39.308432, , , , 
-8533549.5628,4766092.32830001,243,243,703, ,W North Ave - Thomas Ave,BPD Cameras,-76.65818,39.30943099, , , , 
-8533435.349,4765956.8011,244,244,704, ,N Warwick Ave - Westwood Ave,BPD Cameras,-76.657154,39.30848899, , , , 
-8533297.0902,4765960.39790001,245,245,705, ,Moreland Ave - Westwood Ave,BPD Cameras,-76.655912,39.30851399, , , , 
-8533306.2183,4766103.4066,246,246,706, ,W North Ave - Moreland Ave,BPD Cameras,-76.65599399,39.309508, , , , 
-8533092.1509,4765972.483,247,247,707, ,N Bentalou St - Westwood Ave,BPD Cameras,-76.65407099,39.30859799, , , , 
-8532935.747,4765982.2663,248,248,708, ,N Smallwood St - Westwood Ave,BPD Cameras,-76.65266599,39.308666, , , , 
-8532940.8677,4766118.5132,249,249,709, ,W North Ave - N Smallwood St,BPD Cameras,-76.65271199,39.30961299, , , , 
-8532951.1092,4766353.3168,250,250,710, ,N Smallwood St - Ridgehill Ave,BPD Cameras,-76.652804,39.311245, , , , 
-8532779.1205,4765986.29460001,251,251,711, ,N Pulaski St - Westwood Ave,BPD Cameras,-76.65125899,39.30869399, , , , 
-8532788.0261,4766128.1527,252,252,712, ,W North Ave - N Pulaski St,BPD Cameras,-76.651339,39.30967999, , , , 
-8532792.145,4766205.7006,253,253,713, ,N Pulaski St - Herbert St,BPD Cameras,-76.651376,39.31021899, , , , 
-8532794.4826,4766283.9686,254,254,714, ,N Pulaski St - Walbrook Ave,BPD Cameras,-76.65139699,39.31076299, , , , 
-8532630.175,4766135.3464,255,255,715, ,W North Ave - N Payson St,BPD Cameras,-76.64992099,39.30973, , , , 
-8532633.96,4766230.591,256,256,716, ,N Payson St - Herbert St,BPD Cameras,-76.649955,39.310392, , , , 
-8532637.6335,4766293.7521,257,257,717, ,N Payson St - Walbrook Ave,BPD Cameras,-76.649988,39.31083099, , , , 
-8532640.1938,4766401.51550001,258,258,718, ,N Payson St - Ridgehill Ave,BPD Cameras,-76.650011,39.31157999, , , , 
-8532527.2045,4765999.387,259,259,719, ,Appleton St - Westwood Ave,BPD Cameras,-76.64899599,39.30878499, , , , 
-8532430.134,4766003.2715,260,260,720, ,N Monroe St - Westwood Ave,BPD Cameras,-76.648124,39.30881199, , , , 
-8532436.3678,4766147.28780001,261,261,721, ,W North Ave - N Monroe St,BPD Cameras,-76.64817999,39.30981299, , , , 
-8532442.713,4766301.2336,262,262,722, ,N Monroe St - Walbrook Ave,BPD Cameras,-76.64823699,39.31088299, , , , 
-8532244.787,4766009.1702,263,263,723, ,N Fulton Ave - Westwood Ave,BPD Cameras,-76.646459,39.30885299, , , , 
-8532251.3548,4766158.2222,264,264,724, ,W North Ave - N Fulton Ave,BPD Cameras,-76.64651799,39.30988899, , , , 
-8532264.173,4766296.1389,265,265,725, ,N Fulton Ave - Walbrook Ave,BPD Cameras,-76.64663314,39.31084758, , , , 
-8532076.3606,4766014.92510001,266,266,726, ,N Mount St - Westwood Ave,BPD Cameras,-76.64494599,39.308893, , , , 
-8531939.8829,4766177.6452,267,267,727, ,W North Ave - N Carey St,BPD Cameras,-76.64371999,39.310024, , , , 
-8531792.1148,4766158.4926,268,268,728, ,W North Ave - Pennsylvania Ave,BPD Cameras,-76.64239257,39.30989087, , , , 
-8531914.1557,4765890.9085,269,269,729, ,Cumberland St  &  N Calhoun St,BPD Cameras,-76.64348888,39.30803099, , , , 
-8531706.7203,4766060.7068,270,270,730, ,Cumberland St - Pennsylvania Ave,BPD Cameras,-76.64162546,39.30921121, , , , 
-8531627.2977,4766196.205,271,271,731, ,W North Ave - Division St,BPD Cameras,-76.64091199,39.31015299, , , , 
-8531660.4709,4766248.2875,272,272,732, ,Whitelock St - Woodbrook Ave,BPD Cameras,-76.64120999,39.31051499, , , , 
-8531604.1434,4766298.0685,273,273,733, ,Ettiing St - Whitelock St,BPD Cameras,-76.640704,39.310861, , , , 
-8531541.4704,4766344.6842,274,274,734, ,Whitelock St - Francis St,BPD Cameras,-76.64014099,39.31118499, , , , 
-8531447.4015,4766398.70180001,275,275,735, ,Druid Hill Ave - Whitelock St,BPD Cameras,-76.63929596,39.31156044, , , , 
-8531190.2574,4766220.08810001,276,276,742, ,W North Ave - McCulloh St,BPD Cameras,-76.63698599,39.310319, , , , 
-8534099.7037,4769436.3417,277,277,801, ,Reisterstown Rd - Keyworth Ave,BPD Cameras,-76.663122,39.33266999, , , , 
-8534200.893,4769609.4797,278,278,802, ,Reisterstown Rd - Shirley Ave,BPD Cameras,-76.66403099,39.333873, , , , 
-8534418.8911,4769694.75020001,279,279,803, ,Towonda Ave - Oswego Ave,BPD Cameras,-76.6659893,39.33446547, , , , 
-8534518.4876,4770141.7209,280,280,804, ,Reisterstown Rd - Grantley Ave,BPD Cameras,-76.666884,39.337571, , , , 
-8534807.0277,4770098.82970001,281,281,805, ,Boarman Ave - Willowdale Ave,BPD Cameras,-76.66947599,39.33727299, , , , 
-8535264.1771,4771556.4099,282,282,806, ,Park Heights Ave - W Garrison Ave,BPD Cameras,-76.67358264,39.34739927, , , , 
-8534687.9159,4770411.4505,283,283,807, ,Reisterstown Rd - Laporte St,BPD Cameras,-76.668406,39.339445, , , , 
-8535030.686,4770530.6309,284,284,808, ,Reisterstown Rd - St Ambrose Ave,BPD Cameras,-76.67148515,39.34027301, , , , 
-8536009.8348,4771398.88940001,285,285,809, ,W Belvedere Ave - Litchfield Ave,BPD Cameras,-76.68028099,39.34630499, , , , 
-8535021.2064,4771239.10770001,286,286,810, ,Park Heights Ave - Woodland,BPD Cameras,-76.6714,39.34519499, , , , 
-8535399.804,4771459.77990001,287,287,811, ,W Garrison Ave - Denmore Ave,BPD Cameras,-76.67480099,39.346728, , , , 
-8535131.0787,4771655.697,288,288,812, ,W Garrison Ave - Palmer Ave,BPD Cameras,-76.67238699,39.348089, , , , 
-8534499.5632,4770836.354,289,289,813, ,Pimlico Rd - Sumter Ave,BPD Cameras,-76.66671399,39.34239699, , , , 
-8534320.5083,4770520.18050001,290,290,814, ,Pimlico Rd - W Cold Spring Ln,BPD Cameras,-76.66510552,39.3402004, , , , 
-8534078.6643,4770119.55560001,291,291,815, ,Quantico Ave - Pimlico Rd,BPD Cameras,-76.66293299,39.33741699, , , , 
-8534155.0938,4770281.16550001,292,292,816, ,Pimlico Rd - Loyola Northway,BPD Cameras,-76.66361957,39.33853982, , , , 
-8534194.5478,4770347.25590001,293,293,817, ,Pimlico Rd - Rosewood Ave,BPD Cameras,-76.66397399,39.33899899, , , , 
-8535720.56,4772344.3681,294,294,818, ,Winner Ave - Avondale Ave,BPD Cameras,-76.6776824,39.35287286, , , , 
-8535853.1305,4771931.42890001,295,295,819, ,Park Heights Ave - Hayward Ave,BPD Cameras,-76.6788733,39.35000441, , , , 
-8536348.4781,4772197.7643,296,296,820, ,Park Heights-Rogers,BPD Cameras,-76.68332308,39.3518545, , , , 
-8536561.5165,4772364.82090001,297,297,821, ,Park Heights Ave - Manhattan Ave,BPD Cameras,-76.68523684,39.35301493, , , , 
-8536887.7175,4772745.96100001,298,298,822, ,Park Heights Ave - Glen Ave,BPD Cameras,-76.68816715,39.35566237, , , , 
-8537227.952,4772996.7701,299,299,823, ,Park Heights Ave - Taney,BPD Cameras,-76.69122353,39.35740447, , , , 
-8537526.0862,4773194.28210001,300,300,824, ,Park Heights Ave - W Strathmore Ave,BPD Cameras,-76.69390171,39.35877634, , , , 
-8537823.3247,4773393.73490001,301,301,825, ,Park Heights Ave - Fords Ln.,BPD Cameras,-76.69657185,39.36016166, , , , 
-8538166.9926,4773710.53070001,302,302,826, ,Park Heights Ave - Clarks Ln.,BPD Cameras,-76.69965907,39.36236195, , , , 
-8538518.7226,4774082.7133,303,303,827, ,Park Heights Ave - Fallstaff Rd,BPD Cameras,-76.70281872,39.36494683, , , , 
-8535516.6283,4771768.10440001,304,304,828, ,Park Heights Ave - W Belvedere Ave,BPD Cameras,-76.67585045,39.34886986, , , , 
-8534917.6726,4771083.0078,305,305,829, ,Park Heights Ave - Virginia Ave,BPD Cameras,-76.67046993,39.34411056, , , , 
-8534594.7561,4770637.8218,306,306,830, ,Park Heights Ave - Wiley Ave,BPD Cameras,-76.66756913,39.34101772, , , , 
-8534117.2922,4769862.3555,307,307,831, ,Park Heights Ave - Oswego Ave,BPD Cameras,-76.66328,39.33563, , , , 
-8536678.1129,4772491.5692,308,308,832, ,Park Heights Ave - Trainor Ave(JCC),BPD Cameras,-76.68628424,39.35389535, , , , 
-8536821.731,4772650.11620001,309,309,833, ,Park Heights Ave - Trainor Ave,BPD Cameras,-76.68757438,39.35499663, , , , 
-8537057.7601,4772858.52650001,310,310,834, ,Park Heights Ave - Menlo Dr,BPD Cameras,-76.68969467,39.35644425, , , , 
-8537400.9802,4773109.03700001,311,311,835, ,Park Heights Ave - Pinkney Rd,BPD Cameras,-76.69277787,39.35818425, , , , 
-8537574.1579,4773226.6783,312,312,836, ,Park Heights Ave - W Strathmore Ave,BPD Cameras,-76.69433355,39.35900135, , , , 
-8537965.599,4773500.1795,313,313,837, ,Park Heights Ave - Bancroft Rd,BPD Cameras,-76.69784992,39.36090097, , , , 
-8538080.2546,4773620.8067,314,314,838, ,Park Heights Ave - N.Bancroft Rd,BPD Cameras,-76.69887989,39.36173878, , , , 
-8522061.5026,4762880.3069,315,315,405, ,Eastern Ave - S Ponca St,BPD Cameras,-76.55498099,39.287102, , , , 
-8534992.2633,4766025.2839,316,316,901, ,W North Ave - Bloomingdale Rd,BPD Cameras,-76.67114,39.30896499, , , , 
-8534791.6656,4766030.60710002,317,317,902, ,W North Ave - N Rosedale St - 1.1.9.2,BPD Cameras,-76.66933799,39.309002, , , , 
-8534594.0736,4766041.6853,318,318,903, ,W North Ave - N Longwood St,BPD Cameras,-76.667563,39.309079, , , , 
-8534383.2106,4766063.6926,319,319,904, ,North Ave - Poplar Grove St,BPD Cameras,-76.66566878,39.30923196, , , , 
-8534201.0044,4766060.8203,320,320,905, ,W North Ave - N Dukeland St,BPD Cameras,-76.66403199,39.309212, , , , 
-8533880.7382,4766075.06360001,321,321,906, ,W North Ave - Braddish Ave,BPD Cameras,-76.661155,39.30931099, , , , 
-8534283.1855,4765912.013,322,322,907, ,Westwood Ave (Dead End),BPD Cameras,-76.66477024,39.30817769, , , , 
-8534773.9659,4765667.4812,323,323,908, ,N Rosedale St - Grayson St,BPD Cameras,-76.669179,39.30647799, , , , 
-8534372.0137,4765765.4092,324,324,909, ,Poplar Grove St - Presbury St,BPD Cameras,-76.6655682,39.30715868, , , , 
-8534177.9613,4765604.8994,325,325,910, ,Baker St - N Dukeland St,BPD Cameras,-76.663825,39.306043, , , , 
-8534531.9572,4765489.6635,326,326,911, ,Bloomingdale Rd - Brighton St,BPD Cameras,-76.66700499,39.30524199, , , , 
-8534374.701,4765406.06570001,327,327,912, ,Poplar Grove St - Pressman St,BPD Cameras,-76.66559234,39.3046609, , , , 
-8534438.8962,4765244.3833,328,328,913, ,Blooomingdale Rd - Belmont Ave,BPD Cameras,-76.66616901,39.30353703, , , , 
-8534751.5906,4765161.0833,329,329,914, ,N Rosedale St - Normount Ct,BPD Cameras,-76.668978,39.302958, , , , 
-8534569.472,4764924.869,330,330,915, ,Winchester St - N Longwood St,BPD Cameras,-76.667342,39.301316, , , , 
-8534381.2698,4765048.51330001,331,331,916, ,Bloomingdale Rd - Ellicott Driveway,BPD Cameras,-76.66565135,39.30217549, , , , 
-8534144.7927,4765085.6869,332,332,917, ,Ellicott Driveway - N Dukeland St,BPD Cameras,-76.66352704,39.3024339, , , , 
-8534323.1956,4764762.77040001,333,333,918, ,Poplar Grove St - Riggs Ave,BPD Cameras,-76.66512966,39.30018918, , , , 
-8534134.7693,4764628.38600001,334,334,919, ,Mosher St - N Dukeland St,BPD Cameras,-76.66343699,39.29925499, , , , 
-8534331.7051,4764444.4818,335,335,920, ,Poplar Grove St - W. Lafayette Ave,BPD Cameras,-76.6652061,39.29797656, , , , 
-8534513.0329,4764294.65540001,336,336,921, ,N Franklintown Rd - N Longwood St,BPD Cameras,-76.666835,39.296935, , , , 
-8534319.6125,4764186.80530001,337,337,922, ,Poplar Grove St - Rayner Ave,BPD Cameras,-76.66509747,39.29618524, , , , 
-8534287.3656,4763947.34250001,338,338,923, ,Poplar Grove St - Edmonson Ave,BPD Cameras,-76.66480779,39.29452049, , , , 
-8533671.6892,4763979.4402,339,339,924, ,Edmonson Ave - Braddish Ave,BPD Cameras,-76.65927708,39.29474364, , , , 
-8533330.8578,4763990.63700001,340,340,925, ,Edmonson Ave - N Warwick Ave,BPD Cameras,-76.65621533,39.29482148, , , , 
-8535316.5783,4763899.56940001,341,341,926, ,Edmonson Ave - Denison St,BPD Cameras,-76.67405337,39.29418837, , , , 
-8537517.7259,4763798.9472,342,342,927, ,Edmonson Ave - Swan Ave,BPD Cameras,-76.69382661,39.29348883, , , , 
-8536252.7825,4763855.08060001,343,343,928, ,Edmonson Ave - N Loudon Ave,BPD Cameras,-76.68246343,39.29387908, , , , 
-8535787.7409,4763881.3558,344,344,929, ,Edmonson Ave - Allendale St,BPD Cameras,-76.67828589,39.29406175, , , , 
-8531615.164,4762643.28300001,345,345,1001, ,W Pratt St - S Stricker St,BPD Cameras,-76.640803,39.28545399, , , , 
-8531607.8895,4762498.6219,346,346,1002, ,McHenry - Stricker,BPD Cameras,-76.64073765,39.28444816, , , , 
-8531602.1395,4762340.1078,347,347,1003, ,S Stricker St - Ramsay St,BPD Cameras,-76.64068599,39.283346, , , , 
-8531685.8194,4762498.62200001,348,348,1004, ,Parrish - McHenry,BPD Cameras,-76.6414377,39.28444816, , , , 
-8531681.733,4762334.64260001,349,349,1005, ,Parrish-Ramsey,BPD Cameras,-76.64140099,39.28330799, , , , 
-8531761.0622,4762491.7547,350,350,1006, ,McHenry St - S Gilmor St,BPD Cameras,-76.64211362,39.28440042, , , , 
-8531758.3749,4762329.92310001,351,351,1007, ,S Gilmor St - Ramsay St,BPD Cameras,-76.64208948,39.28327518, , , , 
-8531928.8653,4762624.02650001,352,352,1008, ,W Pratt St - S Mount St,BPD Cameras,-76.64362102,39.2853201, , , , 
-8531921.4008,4762486.6787,353,353,1009, ,MCHenry St - S Mount St,BPD Cameras,-76.64355397,39.28436512, , , , 
-8531916.6234,4762327.5344,354,354,1010, ,S Mount St - Ramsey St,BPD Cameras,-76.64351105,39.28325857, , , , 
-8532087.7152,4762614.08680001,355,355,1011, ,W Pratt St - S Fulton Ave,BPD Cameras,-76.645048,39.28525099, , , , 
-8532080.2464,4762482.2,356,356,1012, ,S Fulton St - McHenry St,BPD Cameras,-76.6449809,39.28433398, , , , 
-8532076.6946,4762401.0872,357,357,1013, ,Wilhelm St - S Fulton Ave,BPD Cameras,-76.644949,39.28376999, , , , 
-8532072.4834,4762320.06990001,358,358,1014, ,Ramsay St - S Fulton Ave,BPD Cameras,-76.64491117,39.28320667, , , , 
-8532170.1196,4762478.31840001,359,359,1015, ,McHenry St - S Addison St,BPD Cameras,-76.64578825,39.28430699, , , , 
-8532279.964,4762603.1563,360,360,1016, ,W Pratt St - S Monroe St,BPD Cameras,-76.646775,39.28517499, , , , 
-8532270.0688,4762390.1569,361,361,1017, ,S Monroe St - Wilhelm St,BPD Cameras,-76.64668611,39.28369399, , , , 
-8532267.8302,4762311.48780001,362,362,1018, ,S Monroe St - Ramsay St,BPD Cameras,-76.646666,39.283147, , , , 
-8532465.7159,4762462.79210001,363,363,1019, ,S Payson St - McHenry St,BPD Cameras,-76.64844363,39.28419904, , , , 
-8532460.7468,4762302.13950001,364,364,1020, ,S Payson St - Ramsay St,BPD Cameras,-76.64839899,39.28308199, , , , 
-8532460.0789,4762263.74000001,365,365,1021, ,S Payson St - Ashton St,BPD Cameras,-76.648393,39.28281499, , , , 
-8532619.4859,4762458.9105,366,366,1022, ,S Pulaski St - McHenry,BPD Cameras,-76.64982497,39.28417205, , , , 
-8532615.0071,4762376.5018,367,367,1023, ,S Pulaski St - Wilhelm St,BPD Cameras,-76.64978474,39.28359905, , , , 
-8532614.8129,4762291.64080001,368,368,1024, ,S Pulaski St - Ramsay St,BPD Cameras,-76.64978299,39.283009, , , , 
-8532613.5884,4762202.18620001,369,369,1025, ,S Pulaski St - Ashton St,BPD Cameras,-76.64977199,39.282387, , , , 
-8532773.1093,4762280.2792,370,370,1026, ,S Smallwood St - Ramsay St,BPD Cameras,-76.651205,39.28293, , , , 
-8531301.3543,4762662.4115,371,371,1028, ,Pratt - Carey,BPD Cameras,-76.63798399,39.28558699, , , , 
-8531034.8555,4765359.7551,372,372,1964, ,PENNSYLVANIA-LAURENS,BPD Cameras,-76.63559,39.304339, , , , 
-8531172.8916,4765227.8343,373,373,1965, ,Fremont-Laurens,BPD Cameras,-76.63682999,39.30342199, , , , 
-8527933.3885,4762134.949,374,374,1901, ,Rusty Scupper,BPD Cameras,-76.60772904,39.28191947, , , , 
-8528108.8054,4762126.29,375,375,1902, ,Rash Field,BPD Cameras,-76.60930484,39.28185927, , , , 
-8528186.2875,4762124.4985,376,376,1903, ,Carousel,BPD Cameras,-76.61000087,39.28184681, , , , 
-8528367.079,4762147.48930001,377,377,1904, ,Science Center,BPD Cameras,-76.61162495,39.28200667, , , , 
-8528276.3585,4762685.42330001,378,378,1905, ,Spirit Of Baltimore,BPD Cameras,-76.61081,39.28574699, , , , 
-8528462.7746,4762472.34670001,379,379,1906, ,Visitor Center,BPD Cameras,-76.6124846,39.28426547, , , , 
-8528398.7286,4762634.17820001,380,380,1907, ,Light Street Food Hall,BPD Cameras,-76.61190926,39.28539069, , , , 
-8528340.8038,4762714.7954,381,381,1908, ,Constellation,BPD Cameras,-76.61138892,39.28595122, , , , 
-8528277.6537,4762614.6212,382,382,1909, ,Constellation Pier,BPD Cameras,-76.61082163,39.28525471, , , , 
-8528205.8446,4762721.96130001,383,383,1910, ,Trade Center,BPD Cameras,-76.61017656,39.28600104, , , , 
-8527741.8479,4762399.1941,384,384,1911, ,Pier 5 Hotel,BPD Cameras,-76.6060084,39.28375683, , , , 
-8527653.169,4762344.25500001,385,385,1912, ,Pier 5 Lighthouse,BPD Cameras,-76.60521179,39.28337483, , , , 
-8527587.2908,4762399.79280001,386,386,1913, ,Pier 6 Pavillion,BPD Cameras,-76.60461999,39.283761, , , , 
-8531156.1937,4762954.66550001,387,387,1985, ,HOLLINS-CARROLLTON,BPD Cameras,-76.63668,39.28761899, , , , 
-8525712.6706,4764379.5254,388,388,1945, ,McElderry-Chester,BPD Cameras,-76.58778,39.29752499, , , , 
-8530275.6998,4764693.82250001,389,389,2001, ,McCulloh 553 Dolphin St,BPD Cameras,-76.62877038,39.29970988, , , , 
-8530217.3972,4764659.9135,390,390,2002, ,McCulloh 569 Dolphin St,BPD Cameras,-76.62824664,39.29947416, , , , 
-8530169.8821,4764673.5601,391,391,2003, ,McCulloh 520 Hoffman St,BPD Cameras,-76.62781981,39.29956903, , , , 
-8530213.6315,4764763.587,392,392,2004, ,McCulloh 517 Dolphin St,BPD Cameras,-76.62821281,39.30019485, , , , 
-8530080.2731,4764655.6562,393,393,2005, ,McCulloh 534 Preston St,BPD Cameras,-76.62701484,39.29944457, , , , 
-8530157.7588,4764798.9791,394,394,2006, ,McCulloh 503 Dolphin St,BPD Cameras,-76.6277109,39.30044088, , , , 
-8530184.5505,4764596.8859,395,395,2007, ,McCulloh 535 Hoffman St,BPD Cameras,-76.62795158,39.29903602, , , , 
-8530113.4553,4764527.3324,396,396,2008, ,McCulloh 570 Preston St,BPD Cameras,-76.62731292,39.29855251, , , , 
-8530069.0518,4764571.9154,397,397,2009, ,McCulloh 556 Preston St,BPD Cameras,-76.62691403,39.29886243, , , , 
-8530025.5073,4764603.14880001,398,398,2010, ,McCulloh 516 Preston St,BPD Cameras,-76.62652287,39.29907956, , , , 
-8530034.2196,4764644.1971,399,399,2011, ,McCulloh 514 Preston St,BPD Cameras,-76.62660113,39.29936491, , , , 
-8530020.6238,4764727.5299,400,400,2012, ,McCulloh 1020 Druid Hill Rd,BPD Cameras,-76.626479,39.2999442, , , , 
-8529962.5033,4765025.89160001,401,401,2013, ,McCulloh 1135 Tiffany Ct,BPD Cameras,-76.62595689,39.30201824, , , , 
-8529904.7681,4764966.1553,402,402,2014, ,McCulloh 1101 Tiffany Ct,BPD Cameras,-76.62543825,39.30160299, , , , 
-8529897.6679,4764833.9522,403,403,2015, ,McCulloh 1035 Tiffany Ct,BPD Cameras,-76.62537447,39.30068399, , , , 
-8529796.2694,4764852.81280001,404,404,2016, ,McCulloh 1001 Tiffany Ct,BPD Cameras,-76.62446359,39.3008151, , , , 
-8529869.1721,4764814.7465,405,405,2017, ,McCulloh 440 Oxford Ct,BPD Cameras,-76.62511848,39.30055049, , , , 
-8530022.596,4764933.1676,406,406,2018, ,McCulloh 443 Manse Ct,BPD Cameras,-76.62649671,39.30137368, , , , 
-8530096.2091,4764895.21050001,407,407,2019, ,McCulloh 1134 Stoddard Ct,BPD Cameras,-76.62715799,39.30110983, , , , 
-8530040.0167,4764836.52720001,408,408,2020, ,McCulloh 1100 Stoddard CT,BPD Cameras,-76.62665321,39.30070189, , , , 
-8529988.5354,4764782.43540001,409,409,2021, ,McCulloh 1034 Stoddard Ct,BPD Cameras,-76.62619074,39.30032588, , , , 
-8529928.8053,4764719.87950001,410,410,2022, ,McCulloh 1000 Stoddard Ct,BPD Cameras,-76.62565418,39.29989102, , , , 
-8529827.8732,4764732.40620001,411,411,2023, ,McCulloh 442 Walton Ct,BPD Cameras,-76.62474749,39.2999781, , , , 
-8529797.9133,4764579.31740001,412,412,2024, ,McCulloh 900 Stoddard Ct,BPD Cameras,-76.62447835,39.29891389, , , , 
-8532148.8476,4765782.2402,413,413,2102, ,Gilmor-1638 Bruce Ct,BPD Cameras,-76.64559716,39.30727567, , , , 
-8532094.2146,4765866.5986,414,414,2106, ,1679 Bakbury Ct,BPD Cameras,-76.64510638,39.30786202, , , , 
-8532021.014,4765807.4241,415,415,2110, ,1606 Vincent Ct,BPD Cameras,-76.64444881,39.30745072, , , , 
-8531984.9291,4765799.15100001,416,416,2112, ,1641 Vincent Ct,BPD Cameras,-76.64412465,39.30739321, , , , 
-8532004.349,4765716.5163,417,417,2109, ,1600 Vincent Ct,BPD Cameras,-76.6442991,39.30681883, , , , 
-8532050.8059,4765713.8235,418,418,2108, ,Gilmor-1600 Mountmor Ct,BPD Cameras,-76.64471643,39.30680011, , , , 
-8532079.3638,4765712.89580001,419,419,2105, ,1601 Bakbury Ct,BPD Cameras,-76.64497297,39.30679367, , , , 
-8532028.3841,4765567.9197,420,420,2114, ,1605-2 Spray Ct,BPD Cameras,-76.64451501,39.30578595, , , , 
-8531981.2599,4765584.469,421,421,2115, ,1601-8 Spray Ct,BPD Cameras,-76.64409169,39.30590099, , , , 
-8531922.0634,4765559.29460001,422,422,2117, ,1519 Presser Ct,BPD Cameras,-76.64355992,39.305726, , , , 
-8531960.5843,4765520.3252,423,423,2116, ,1500 Pressman Ct,BPD Cameras,-76.64390596,39.30545512, , , , 
-8531980.6663,4765482.4454,424,424,2119, ,1638 Balmor Ct,BPD Cameras,-76.64408636,39.30519182, , , , 
-8532041.1966,4765490.5086,425,425,2120, ,1458 Mountmor Ct,BPD Cameras,-76.64463011,39.30524787, , , , 
-8532027.9295,4765427.3793,426,426,2121, ,1428 Mountmor Ct,BPD Cameras,-76.64451093,39.30480906, , , , 
-8531905.2163,4765393.67730001,427,427,2125, ,1601 Booker Ct,BPD Cameras,-76.64340858,39.30457479, , , , 
-8532002.3649,4765373.5347,428,428,2123, ,1401 Mountmor Ct,BPD Cameras,-76.64428128,39.30443478, , , , 
-8531996.1301,4765320.5873,429,429,2127, ,1631 Lorman Ct,BPD Cameras,-76.64422527,39.30406674, , , , 
-8531953.857,4765276.469,430,430,2130, ,1628 Delano Ct,BPD Cameras,-76.64384553,39.30376006, , , , 
-8531955.8033,4765311.1276,431,431,2126, ,1629 Lorman Ct,BPD Cameras,-76.64386301,39.30400098, , , , 
-8531976.433,4765379.0324,432,432,2124, ,1639 Booker Ct,BPD Cameras,-76.64404833,39.30447299, , , , 
-8527759.4395,4764915.8033,433,433,2201, ,Latrobe 800 Abbott ct,BPD Cameras,-76.60616643,39.30125298, , , , 
-8527631.5532,4764926.8419,434,434,2202, ,Latrobe 856 Abbott Ct,BPD Cameras,-76.60501761,39.30132971, , , , 
-8527706.0601,4764880.68460001,435,435,2203, ,Latrobe 818 WebbCt,BPD Cameras,-76.60568692,39.30100885, , , , 
-8527736.1952,4764778.63180001,436,436,2204, ,Latrobe 800 McAleer Ct,BPD Cameras,-76.60595763,39.30029944, , , , 
-8527662.6669,4764780.42620001,437,437,2205, ,Latrobe 834 McAleer Ct,BPD Cameras,-76.60529711,39.30031191, , , , 
-8527600.7182,4764741.5799,438,438,2206, ,Latrobe 864 McAleer Ct,BPD Cameras,-76.60474062,39.30004187, , , , 
-8527660.9432,4764732.2682,439,439,2207, ,Latrobe 831 McAleer Ct - Unit) - 1289,BPD Cameras,-76.60528163,39.29997714, , , , 
-8527729.7283,4764728.38820001,440,440,2208, ,Latrobe 859 Homewood Ave,BPD Cameras,-76.60589953,39.29995017, , , , 
-8527708.5986,4764647.44640002,441,441,2209, ,Latrobe 820 Hillman Ct,BPD Cameras,-76.60570972,39.29938749, , , , 
-8527749.3503,4764642.0077,442,442,2210, ,Latrobe 819 Hillman Ave,BPD Cameras,-76.6060758,39.29934969, , , , 
-8527552.1416,4764923.728,443,443,2211, ,Latrobe 819 Homewood Ave,BPD Cameras,-76.60430424,39.30130806, , , , 
-8527488.5426,4764847.5544,444,444,2212, ,Latrobe 916 Webb ct,BPD Cameras,-76.60373293,39.30077855, , , , 
-8527551.9863,4764798.5119,445,445,2213, ,Latrobe 921 Webb ct,BPD Cameras,-76.60430285,39.30043763, , , , 
-8527494.3123,4764767.5826,446,446,2214, ,Latrobe 922 Ashland ct,BPD Cameras,-76.60378475,39.30022263, , , , 
-8527562.5041,4764709.9784,447,447,2215, ,Latrobe 859 McAleer Ct,BPD Cameras,-76.60439733,39.29982219, , , , 
-8527507.2568,4764621.53410001,448,448,2216, ,Latrobe ct 943 Wilmot,BPD Cameras,-76.60390104,39.29920736, , , , 
-8527377.9535,4764931.312,449,449,2217, ,Latrobe 1000 Abbott Ct,BPD Cameras,-76.60273949,39.30136078, , , , 
-8527375.2036,4764821.98630001,450,450,2218, ,Latrobe 1101 Webb CT,BPD Cameras,-76.60271478,39.30060081, , , , 
-8527392.6403,4764774.65550002,451,451,2219, ,Latrobe 1000 Ashland ct,BPD Cameras,-76.60287142,39.30027179, , , , 
-8527420.0362,4764716.6462,452,452,2220, ,Latrobe 1020 McAleer ct,BPD Cameras,-76.60311752,39.29986854, , , , 
-8527467.8732,4764694.6319,453,453,2221, ,Latrobe 1001 McAleer ct,BPD Cameras,-76.60354725,39.29971551, , , , 
-8527310.7546,4764756.9312,454,454,2222, ,Latrobe 1116 McAleer Ct,BPD Cameras,-76.60213583,39.30014858, , , , 
-8527322.2769,4764722.4875,455,455,2223, ,Latrobe 1130 McAleer Ct,BPD Cameras,-76.60223933,39.29990915, , , , 
-8527376.7535,4764633.1088,456,456,2224, ,Latrobe 1101Wilmot Ct,BPD Cameras,-76.60272871,39.29928783, , , , 
-8527596.8642,4764768.35480001,457,457,2225, ,Latrobe 901 valley ct,BPD Cameras,-76.60470599,39.300228, , , , 
-8527596.8642,4764768.35480001,458,458,2226, ,Latrobe 901 valley ct,BPD Cameras,-76.60470599,39.300228, , , , 
-8527589.0719,4764685.2076,459,459,2227, ,Latrobe 901 McAleer Ct,BPD Cameras,-76.604636,39.29964999, , , , 
-8526885.3085,4763149.5887,460,460,2301, ,Perkins 200 Spring Ct,BPD Cameras,-76.59831398,39.28897423, , , , 
-8526855.2581,4762938.0861,461,461,2302, ,Perkins 299 Spring Ct,BPD Cameras,-76.59804403,39.28750372, , , , 
-8526796.2135,4763013.4013,462,462,2303, ,Perkins 264 Ballou Ct,BPD Cameras,-76.59751363,39.28802737, , , , 
-8526762.7258,4763096.8335,463,463,2304, ,Perkins 229 Ballou Ct,BPD Cameras,-76.5972128,39.28860745, , , , 
-8526676.6314,4763030.9113,464,464,2305, ,Perkins 269 Dallas Ct,BPD Cameras,-76.5964394,39.28814911, , , , 
-8526602.4921,4763101.83570001,465,465,2306, ,Perkins 231 Mason ct,BPD Cameras,-76.5957734,39.28864223, , , , 
-8526600.2194,4762955.4633,466,466,2307, ,Perkins 299 Mason Ct,BPD Cameras,-76.59575298,39.28762454, , , , 
-8526586.6167,4762963.42000001,467,467,2308, ,Perkins 295 Mason Court,BPD Cameras,-76.59563079,39.28767986, , , , 
-8526518.2353,4763169.52100001,468,468,2309, ,Perkins 200 Herring Ct,BPD Cameras,-76.59501651,39.28911282, , , , 
-8526553.9712,4763014.8026,469,469,2310, ,Perkins 270 Herring Ct,BPD Cameras,-76.59533753,39.28803711, , , , 
-8526497.0633,4762961.30470001,470,470,2311, ,Perkins 299 Herring Ct,BPD Cameras,-76.59482631,39.28766516, , , , 
-8526867.772,4762792.4859,471,471,2312, ,Perkins 354 Spring Ct,BPD Cameras,-76.59815645,39.28649139, , , , 
-8526721.5591,4762789.121,472,472,217, ,Bank and Caroline,BPD Cameras,-76.596843,39.28646799, , , , 
-8526821.2819,4762858.6908,473,473,2313, ,Perkins Community Bldg,BPD Cameras,-76.59773882,39.2869517, , , , 
-8526787.1981,4762916.82050001,474,474,2314, ,Perkins 1413 Gough st,BPD Cameras,-76.59743264,39.28735587, , , , 
-8526753.0975,4762881.5939,475,475,2315, ,Perkins 319 Ballou Ct,BPD Cameras,-76.59712631,39.28711094, , , , 
-8526780.2946,4762848.8377,476,476,2315, ,Perkins 330 Ballou ct,BPD Cameras,-76.59737062,39.2868832, , , , 
-8526697.4228,4762867.7463,477,477,2317, ,Perkins 326 Dallas Ct,BPD Cameras,-76.59662617,39.28701466, , , , 
-8526632.6858,4762844.1535,478,478,2318, ,Perkins 336 Mason Ct,BPD Cameras,-76.59604463,39.28685063, , , , 
-8526596.1628,4762862.708,479,479,2319, ,Perkins 329 Mason Ct,BPD Cameras,-76.59571654,39.28697963, , , , 
-8526545.4711,4762875.0508,480,480,2320, ,Perkins 326 Herring Ct,BPD Cameras,-76.59526117,39.28706545, , , , 
-8527523.0637,4763955.6957,481,481,2401, ,231 Orleans St,BPD Cameras,-76.60404303,39.29457857, , , , 
-8527416.362,4763950.5497,482,482,2402, ,310 Forrest St,BPD Cameras,-76.60308452,39.29454279, , , , 
-8527279.2253,4763835.00340001,483,483,2403, ,1110 New Hope Cir,BPD Cameras,-76.6018526,39.2937395, , , , 
-8527373.9804,4763764.011,484,484,2404, ,1021 New Hope Cir,BPD Cameras,-76.60270379,39.29324595, , , , 
-8527433.0253,4763859.79450002,485,485,2405, ,1008 New Hope Cir,BPD Cameras,-76.6032342,39.29391185, , , , 
-8527276.8174,4763720.837,486,486,2406, ,1124 Colvin St.,BPD Cameras,-76.60183096,39.29294579, , , , 
-8527506.3672,4763819.567,487,487,2407, ,215 Saint Mathews St.,BPD Cameras,-76.60389305,39.29363218, , , , 
-8527444.4531,4763673.72140001,488,488,2408, ,1100 Colvin St.,BPD Cameras,-76.60333686,39.29261824, , , , 
-8527311.218,4763906.2586,489,489,2409, ,SE.Corner of N.Tot Lot,BPD Cameras,-76.60213999,39.29423488, , , , 
-8527319.3338,4763771.1032,490,490,2410, ,NW. Corner of S.Tot Lot,BPD Cameras,-76.6022129,39.29329526, , , , 
-8527427.1107,4763731.82790001,491,491,2411, ,SE. Corner of W. Tot Lot,BPD Cameras,-76.60318107,39.29302221, , , , 
-8527220.6135,4763790.6644,492,492,2412, ,Courtyard Play Area,BPD Cameras,-76.60132608,39.29343125, , , , 
-8527088.5091,4763796.68740001,493,493,2413, ,NE. Elderly Bldg. Central Ave.,BPD Cameras,-76.60013936,39.29347312, , , , 
-8527209.7324,4763860.5968,494,494,2414, ,NE. Community Center,BPD Cameras,-76.60122833,39.29391743, , , , 
-8527085.9015,4763707.5487,495,495,2415, ,SE. Elderly Bldg. Central Ave.,BPD Cameras,-76.60011594,39.29285341, , , , 
-8527150.5837,4763702.1329,496,496,2416, ,SW. Elderly Bldg. Fayette St.,BPD Cameras,-76.60069699,39.29281576, , , , 
-8527149.1919,4763728.70500001,497,497,2417, ,Elderly Bldg. Court Yard,BPD Cameras,-76.60068449,39.29300049, , , , 
-8527405.0979,4763558.42520001,498,498,2418, ,Youth Center Fayette St.,BPD Cameras,-76.60298333,39.29181666, , , , 
-8527320.8701,4763589.6331,499,499,2419, ,Daycare Center 1106 Fayette St.,BPD Cameras,-76.6022267,39.29203363, , , , 
-8527295.3938,4763654.0524,500,500,2420, ,Daycare Center Play Area,BPD Cameras,-76.60199784,39.29248149, , , , 
-8527154.7177,4763797.24290001,501,501,2421, ,NW Senior Center,BPD Cameras,-76.60073412,39.29347698, , , , 
-8531101.5235,4762916.77500001,502,502,1986, ,Boyd St Side Entrance,BPD Cameras,-76.63618888,39.28735555, , , , 
-8530987.1117,4762932.7558,503,503,1987, ,Arlington Ave East Entrance,BPD Cameras,-76.63516111,39.28746666, , , , 
-8526341.9967,4762365.4519,504,504,226, ,Aliceanna and Broadway west,BPD Cameras,-76.59343333,39.28352222, , , , 
-8536261.4911,4772482.64080001,505,505,839, ,3500 Northern Pkwy(E&T),BPD Cameras,-76.68254166,39.35383333, , , , 
-8528658.0607,4764045.883,506,506,78, ,St Paul and Franklin,BPD Cameras,-76.61423888,39.29520555, , , , 
-8531565.788,4765929.1479,507,507,1101, ,Pennsylvania - Baker,BPD Cameras,-76.64035944,39.30829679, , , , 
-8531457.7557,4765813.8031,508,508,1103, ,Pennsylvania - Gold,BPD Cameras,-76.63938897,39.30749505, , , , 
-8531350.9954,4765702.2184,509,509,1104, ,Pennsylvania - Bloom,BPD Cameras,-76.63842993,39.30671945, , , , 
-8531244.635,4765579.9303,510,510,1106, ,Pennsylvania - Presstman,BPD Cameras,-76.63747448,39.30586944, , , , 
-8531305.0735,4765539.6562,511,511,1105, ,Freemont - Presstman,BPD Cameras,-76.63801741,39.30558949, , , , 
-8531149.5269,4765483.009,512,512,1109, ,Pennsylvania - Robert,BPD Cameras,-76.63662011,39.30519574, , , , 
-8531017.9054,4765586.8192,513,513,1108, ,Division - Robert,BPD Cameras,-76.63543773,39.30591732, , , , 
-8531246.4234,4765401.56270001,514,514,1110, ,Freemont - Robert,BPD Cameras,-76.63749054,39.3046296, , , , 
-8530922.6587,4765249.5806,515,515,1112, ,Pennsylvania - Wilson,BPD Cameras,-76.63458211,39.30357316, , , , 
-8530872.7136,4765182.74310002,516,516,1114, ,Pennsylvania - Pitcher,BPD Cameras,-76.63413345,39.30310856, , , , 
-8531067.4233,4764980.8437,517,517,1115, ,Fremont - Pitcher,BPD Cameras,-76.63588256,39.3017051, , , , 
-8530708.2362,4765016.8813,518,518,1118, ,Pennsylvania - Mosher,BPD Cameras,-76.63265592,39.30195561, , , , 
-8532151.6573,4765863.37600001,519,519,2101, ,Behind 1638 Bruce Ct,BPD Cameras,-76.6456224,39.30783962, , , , 
-8532144.5454,4765709.2838,520,520,2103, ,Behind 1600 Bruce Ct,BPD Cameras,-76.64555851,39.30676856, , , , 
-8532108.9691,4765709.3033,521,521,2104, ,1605 Bruce Ct,BPD Cameras,-76.64523892,39.3067687, , , , 
-8532045.8854,4765869.0173,522,522,2107, ,1678 Mountmor Ct,BPD Cameras,-76.64467223,39.30787883, , , , 
-8531972.162,4765871.71870001,523,523,2111, ,1679 Vincent Ct,BPD Cameras,-76.64400996,39.30789761, , , , 
-8532042.6419,4765629.5287,524,524,2113, ,1600 Spray Ct,BPD Cameras,-76.64464309,39.30621419, , , , 
-8531898.0723,4765492.13340001,525,525,2118, ,Prestman St & Gilmor St,BPD Cameras,-76.6433444,39.30525916, , , , 
-8531956.5321,4765450.34560001,526,526,2122, ,Behind1629 Balmor Ct,BPD Cameras,-76.64386956,39.30496869, , , , 
-8532030.0014,4765313.8578,527,527,2128, ,1649 Lorman Ct,BPD Cameras,-76.64452954,39.30401996, , , , 
-8532027.9131,4765278.78210001,528,528,2129, ,1658 Delano Ct,BPD Cameras,-76.64451078,39.30377614, , , , 
-8531891.6097,4765281.3233,529,529,2131, ,1600 Delano Ct,BPD Cameras,-76.64328635,39.30379381, , , , 
-8528786.3873,4763338.27780001,530,530,79, ,Charles & Fayette,BPD Cameras,-76.61539166,39.29028611, , , , 
-8533094.8088,4766111.8798,531,531,737, ,North and Bentalou,BPD Cameras,-76.65409487,39.30956689, , , , 
-8527363.1343,4766430.052,532,532,1201, ,North and Aisquith,BPD Cameras,-76.60260636,39.31177833, , , , 
-8527003.5396,4766452.75750002,533,533,1202, ,North and Harford,BPD Cameras,-76.59937607,39.31193615, , , , 
-8526531.1642,4766492.2336,534,534,1203, ,North and Broadway,BPD Cameras,-76.59513265,39.31221052, , , , 
-8526149.3774,4766499.395,535,535,1204, ,North and Wolfe,BPD Cameras,-76.591703,39.31226029, , , , 
-8526006.379,4766507.5112,536,536,1205, ,North and Washington,BPD Cameras,-76.59041842,39.3123167, , , , 
-8525812.0975,4766518.73200001,537,537,1206, ,North and Chester,BPD Cameras,-76.58867316,39.31239469, , , , 
-8525678.1159,4766526.5646,538,538,1207, ,North and Collington,BPD Cameras,-76.58746958,39.31244913, , , , 
-8525267.977,4766539.64920001,539,539,1209, ,North and Port,BPD Cameras,-76.58378524,39.31254007, , , , 
-8525295.2681,4766564.57720001,540,540,1208, ,North and Belair,BPD Cameras,-76.5840304,39.31271333, , , , 
-8525193.4883,4766571.5435,541,541,1210, ,North and Milton,BPD Cameras,-76.5831161,39.31276174, , , , 
-8524945.2613,4766939.82320001,542,542,1401, ,Belair and Ravenwood,BPD Cameras,-76.58088624,39.31532133, , , , 
-8524874.6486,4767023.3786,543,543,1402, ,Belair and Elmora,BPD Cameras,-76.58025192,39.31590204, , , , 
-8524793.8716,4767106.2383,544,544,1403, ,Belair and Lyndale,BPD Cameras,-76.57952628,39.31647791, , , , 
-8524726.6686,4767189.34510001,545,545,1404, ,Belair and Elmley,BPD Cameras,-76.57892259,39.31705549, , , , 
-8524528.515,4767434.2136,546,546,1405, ,Belair(across from shopping center),BPD Cameras,-76.57714254,39.31875727, , , , 
-8524389.324,4767567.30780001,547,547,1406, ,Belair and Cliftmont,BPD Cameras,-76.57589217,39.31968222, , , , 
-8524257.2152,4767708.8677,548,548,1407, ,Belair and Mareco,BPD Cameras,-76.57470542,39.32066599, , , , 
-8524251.2424,4767745.50800001,549,549,1408, ,Belair and Clifton Park Terrace,BPD Cameras,-76.57465176,39.32092062, , , , 
-8524144.4945,4767842.82190001,550,550,1409, ,Belair and Erdman,BPD Cameras,-76.57369283,39.3215969, , , , 
-8523154.4525,4768866.65950001,551,551,1410, ,Belair and Sheldon,BPD Cameras,-76.56479913,39.32871157, , , , 
-8526969.3361,4766601.50800001,552,552,1301, ,Harford and 20th,BPD Cameras,-76.59906881,39.31297, , , , 
-8526841.0071,4766777.59730001,553,553,1302, ,Harford and Broadway,BPD Cameras,-76.59791601,39.31419386, , , , 
-8526739.1612,4766915.9859,554,554,1303, ,Harford and Darley,BPD Cameras,-76.59700112,39.31515567, , , , 
-8526668.1414,4766997.1284,555,555,1304, ,Harford and Cliftview,BPD Cameras,-76.59636314,39.31571961, , , , 
-8526568.7736,4767129.2112,556,556,1305, ,Harford and 25th,BPD Cameras,-76.5954705,39.31663757, , , , 
-8526427.4037,4767301.57680001,557,557,1306, ,Harford(harbor city school),BPD Cameras,-76.59420055,39.31783548, , , , 
-8526324.5268,4767416.9947,558,558,1307, ,Harford and Montpelier,BPD Cameras,-76.59327639,39.3186376, , , , 
-8526266.5025,4767489.6043,559,559,1307, ,Harford and Homestead,BPD Cameras,-76.59275515,39.31914221, , , , 
-8526080.123,4767727.7716,560,560,1309, ,Harford and Abbotston,BPD Cameras,-76.59108088,39.32079736, , , , 
-8526030.92,4767786.11260001,561,561,1310, ,Harford and Alameda,BPD Cameras,-76.59063888,39.3212028, , , , 
-8525948.8654,4767881.81400001,562,562,1311, ,Harford and Tivoly,BPD Cameras,-76.58990177,39.32186787, , , , 
-8525875.4897,4767951.4366,563,563,1312, ,Harford and Fenwick,BPD Cameras,-76.58924262,39.3223517, , , , 
-8525790.4421,4768034.69100001,564,564,1313, ,Harford and Hugo,BPD Cameras,-76.58847863,39.32293026, , , , 
-8525277.0404,4764864.2257,565,565,626, ,Montofrd - Ashland,BPD Cameras,-76.58386666,39.30089444, , , , 
-8529669.4088,4757008.79930001,566,566,351, ,Carver Rd Front of Rec Center,BPD Cameras,-76.62332398,39.24626665, , , , 
-8525572.6553,4764237.67620001,567,567,627, ,Collington & Jefferson,BPD Cameras,-76.58652222,39.29653888, , , , 
-8524851.8617,4764276.8343,568,568,628, ,Jefferson & Glover,BPD Cameras,-76.58004722,39.29681111, , , , 
-8534519.0318,4770547.30950001,569,569,840, ,Park Heights & Oakford,BPD Cameras,-76.66688888,39.34038888, , , , 
-8527808.631,4764585.31050001,570,570,2501, ,Greenmount and Madison,BPD Cameras,-76.60660833,39.29895555, , , , 
-8528133.0037,4768113.87910001,571,571,534, ,Greenmount - 29th,BPD Cameras,-76.60952222,39.32348055, , , , 
-8528123.1086,4768482.83340001,572,572,536, ,Greenmount - 31st,BPD Cameras,-76.60943333,39.32604444, , , , 
-8528117.5427,4768632.73760001,573,573,537, ,Greenmount - 32nd,BPD Cameras,-76.60938333,39.32708611, , , , 
-8528121.5624,4768802.232,574,574,538, ,Greenmount - 33rd,BPD Cameras,-76.60941944,39.32826388, , , , 
-8532009.7049,4765648.6666,575,575,2132, ,1521 Mountmor,BPD Cameras,-76.64434722,39.30634722, , , , 
-8528809.3331,4764219.58930001,576,576,2601, ,N Charles St - Center St,BPD Cameras,-76.61559779,39.29641315, , , , 
-8528822.9142,4764522.3743,577,577,2602, ,N Charles St - Madison St,BPD Cameras,-76.61571979,39.29851804, , , , 
-8528824.276,4764700.0342,578,578,2603, ,N Charles St - Read Ave,BPD Cameras,-76.61573202,39.29975306, , , , 
-8529131.2881,4764783.9489,579,579,2604, ,Park Ave - Read St,BPD Cameras,-76.61848996,39.3003364, , , , 
-8528832.0979,4764894.59540001,580,580,2605, ,N Charles - Eager St,BPD Cameras,-76.61580229,39.30110555, , , , 
-8528840.9713,4765089.66140001,581,581,2606, ,N Charles St - Chase St,BPD Cameras,-76.615882,39.30246152, , , , 
-8528849.0623,4765242.16280001,582,582,2607, ,N Charles St - E Biddle St,BPD Cameras,-76.61595468,39.3035216, , , , 
-8528857.8074,4765396.62120001,583,583,2608, ,N Charles St - Preston St,BPD Cameras,-76.61603324,39.30459525, , , , 
-8528859.4966,4765523.2916,584,584,2609, ,N Charles - Mt Royal Ave,BPD Cameras,-76.61604841,39.30547574, , , , 
-8528889.0511,4766004.81440001,585,585,2610, ,N Charles St - Lanvale St,BPD Cameras,-76.61631391,39.30882272, , , , 
-8528903.7045,4766330.5579,586,586,2611, ,N Charles St - North Ave,BPD Cameras,-76.61644554,39.31108681, , , , 
-8528914.0924,4766504.4767,587,587,2612, ,N Charles St - 20th St,BPD Cameras,-76.61653886,39.31229561, , , , 
-8526075.1269,4764827.4789,588,588,12, ,N Wolfe St  and Ashland Ave,EBDI,-76.591036,39.300639, , , , 
-8525928.7417,4764833.3769,589,589,10, ,Ashland and Washington,EBDI,-76.589721,39.30068, , , , 
-8525935.4872,4765021.3636,590,590,11, ,Washington and Eager,EBDI,-76.58978159,39.30198676, , , , 
-8526219.8422,4764818.2721,591,591,9, ,Ashland and Rutland,EBDI,-76.59233599,39.30057499, , , , 
-8526167.9673,4765092.4626,592,592,8, ,Durham St,EBDI,-76.59187,39.30248099, , , , 
-8526046.1897,4765288.6085,593,593,7, ,School back Corner,EBDI,-76.59077605,39.30384445, , , , 
-8525949.1132,4765227.2588,594,594,6, ,Chase and Washington,EBDI,-76.58990399,39.30341799, , , , 
-8526362.5883,4765350.788,595,595,5, ,McDonogh and Biddle,EBDI,-76.59361831,39.30427666, , , , 
-8526357.3217,4765204.6728,596,596,4, ,McDonogh and Chase,EBDI,-76.59357099,39.30326099, , , , 
-8526347.5256,4765009.4566,597,597,3, ,McDonogh and Eager,EBDI,-76.59348299,39.30190399, , , , 
-8526240.9929,4765210.71500001,598,598,2, ,Rutland and Chase,EBDI,-76.592526,39.303303, , , , 
-8526249.7871,4765365.94120001,599,599,1, ,Rutland and Biddle,EBDI,-76.592605,39.304382, , , , 
-8526081.6444,4765024.9886,600,600,13, ,Eager and Wolf,EBDI,-76.59109454,39.30201196, , , , 
-8526453.5403,4765203.7802,601,601,14, ,Broadway and Chase,EBDI,-76.59443534,39.30325479, , , , 
-8526533.7734,4765199.1794,602,602,15, ,Gay and Chase,EBDI,-76.59515609,39.30322281, , , , 
-8526446.2516,4765007.4207,603,603,16, ,Broadway and Eager,EBDI,-76.59436987,39.30188984, , , , 
-8526434.7841,4764811.41120001,604,604,17, ,Ashland and Broadway,EBDI,-76.59426685,39.3005273, , , , 
-8525952.6878,4765381.3185,605,605,18, ,Washington and Biddle,EBDI,-76.58993611,39.30448888, , , , 
-8526748.8324,4764167.2078,606,606,66, ,66,Hopkins Fixed Cameras,-76.597088,39.296049, , , , 
-8526776.8849,4764161.8854,607,607,64, ,64,Hopkins Fixed Cameras,-76.59733999,39.296012, , , , 
-8526383.3706,4764077.73630001,608,608,78, ,78,Hopkins Fixed Cameras,-76.593805,39.29542699, , , , 
-8526041.8423,4763894.337,609,609,89, ,89,Hopkins Fixed Cameras,-76.59073699,39.294152, , , , 
-8526139.3582,4763888.58340001,610,610,115, ,115,Hopkins Fixed Cameras,-76.591613,39.294112, , , , 
-8526232.31,4763882.9736,611,611,113, ,113,Hopkins Fixed Cameras,-76.592448,39.294073, , , , 
-8526292.3112,4763880.5283,612,612,111, ,111,Hopkins Fixed Cameras,-76.59298699,39.294056, , , , 
-8526375.0216,4763876.93220001,613,613,107, ,107,Hopkins Fixed Cameras,-76.59373,39.29403099, , , , 
-8526387.8233,4763974.0254,614,614,131, ,131,Hopkins Fixed Cameras,-76.59384499,39.29470599, , , , 
-8526088.3739,4764038.8986,615,615,86, ,86,Hopkins Fixed Cameras,-76.591155,39.295157, , , , 
-8526229.9723,4764037.0286,616,616,83, ,83,Hopkins Fixed Cameras,-76.592427,39.29514399, , , , 
-8526349.9747,4764032.85720001,617,617,81, ,81,Hopkins Fixed Cameras,-76.593505,39.295115, , , , 
-8526388.3799,4764027.3912,618,618,128, ,128,Hopkins Fixed Cameras,-76.59385,39.295077, , , , 
-8526438.0283,4764070.1127,619,619,141, ,141,Hopkins Fixed Cameras,-76.59429599,39.295374, , , , 
-8526481.5543,4764069.5373,620,620,138, ,138,Hopkins Fixed Cameras,-76.594687,39.29537, , , , 
-8526557.8082,4764064.5027,621,621,73, ,73,Hopkins Fixed Cameras,-76.595372,39.29533499, , , , 
-8526743.489,4764054.4336,622,622,68, ,68,Hopkins Fixed Cameras,-76.59703999,39.29526499, , , , 
-8526591.7606,4764166.057,623,623,71, ,71,Hopkins Fixed Cameras,-76.59567699,39.296041, , , , 
-8526495.3579,4764171.9546,624,624,134, ,134,Hopkins Fixed Cameras,-76.59481099,39.296082, , , , 
-8526448.71509999,4764177.2768,625,625,136, ,136,Hopkins Fixed Cameras,-76.594392,39.29611899, , , , 
-8526509.9408,4764230.78750001,626,626,145, ,145,Hopkins Fixed Cameras,-76.594942,39.296491, , , , 
-8526478.8826,4764262.14600001,627,627,143, ,143,Hopkins Fixed Cameras,-76.59466299,39.29670899, , , , 
-8526451.7206,4764358.23600001,628,628,105, ,105,Hopkins Fixed Cameras,-76.59441899,39.297377, , , , 
-8526649.9807,4764349.8928,629,629,51, ,51,Hopkins Fixed Cameras,-76.59619999,39.29731899, , , , 
-8526784.0093,4764341.262,630,630,47, ,47,Hopkins Fixed Cameras,-76.59740399,39.297259, , , , 
-8526791.2451,4764471.7326,631,631,45, ,45,Hopkins Fixed Cameras,-76.59746899,39.29816599, , , , 
-8526689.0538,4764479.2128,632,632,49, ,49,Hopkins Fixed Cameras,-76.59655099,39.298218, , , , 
-8526594.7663,4764482.52130001,633,633,100, ,100,Hopkins Fixed Cameras,-76.595704,39.29824099, , , , 
-8526500.3672,4764488.70690001,634,634,53, ,53,Hopkins Fixed Cameras,-76.59485599,39.298284, , , , 
-8526460.0697,4764491.72770001,635,635,55, ,55,Hopkins Fixed Cameras,-76.594494,39.298305, , , , 
-8526454.3924,4764478.63730001,636,636,58, ,58,Hopkins Fixed Cameras,-76.594443,39.29821399, , , , 
-8526400.0685,4764493.3101,637,637,60, ,60,Hopkins Fixed Cameras,-76.593955,39.298316, , , , 
-8526431.1266,4764637.88030001,638,638,42, ,42,Hopkins Fixed Cameras,-76.594234,39.299321, , , , 
-8526300.4375,4764648.52520001,639,639,40, ,40,Hopkins Fixed Cameras,-76.59306,39.29939499, , , , 
-8526259.6946,4764495.89930001,640,640,62, ,62,Hopkins Fixed Cameras,-76.592694,39.29833399, , , , 
-8526191.1218,4764525.5325,641,641,37, ,37,Hopkins Fixed Cameras,-76.592078,39.29853999, , , , 
-8526203.033,4764661.1843,642,642,34, ,34,Hopkins Fixed Cameras,-76.592185,39.29948299, , , , 
-8526082.4739,4764657.58790001,643,643,29, ,29,Hopkins Fixed Cameras,-76.59110199,39.29945799, , , , 
-8526075.2382,4764532.72500001,644,644,32, ,32,Hopkins Fixed Cameras,-76.591037,39.29858999, , , , 
-8526071.5647,4764509.709,645,645,93, ,93,Hopkins Fixed Cameras,-76.591004,39.29843, , , , 
-8526032.8254,4764227.479,646,646,166, ,166,Hopkins Fixed Cameras,-76.59065599,39.29646799, , , , 
-8526040.6178,4764319.3971,647,647,168, ,168,Hopkins Fixed Cameras,-76.59072599,39.29710699, , , , 
-8526008.0012,4764350.75590001,648,648,149, ,149,Hopkins Fixed Cameras,-76.59043299,39.297325, , , , 
-8525973.0469,4764316.23250001,649,649,170, ,170,Hopkins Fixed Cameras,-76.590119,39.297085, , , , 
-8525910.1514,4764234.6713,650,650,163, ,163,Hopkins Fixed Cameras,-76.58955399,39.29651799, , , , 
-8525911.5985,4764260.7076,651,651,158, ,158,Hopkins Fixed Cameras,-76.58956699,39.296699, , , , 
-8525912.4891,4764294.36760001,652,652,156, ,156,Hopkins Fixed Cameras,-76.58957499,39.29693299, , , , 
-8525913.9362,4764324.2879,653,653,154, ,154,Hopkins Fixed Cameras,-76.58958799,39.29714099, , , , 
-8525917.6098,4764355.359,654,654,152, ,152,Hopkins Fixed Cameras,-76.589621,39.29735699, , , , 
-8525917.2759,4764379.52550001,655,655,123, ,123,Hopkins Fixed Cameras,-76.589618,39.29752499, , , , 
-8525899.0195,4764425.70080001,656,656,102, ,102,Hopkins Fixed Cameras,-76.589454,39.29784599, , , , 
-8525926.8493,4764514.4561,657,657,119, ,119,Hopkins Fixed Cameras,-76.58970399,39.298463, , , , 
-8525937.3133,4764664.7805,658,658,24, ,24,Hopkins Fixed Cameras,-76.58979799,39.29950799, , , , 
-8525900.8005,4764542.79460001,659,659,13, ,13,Hopkins Fixed Cameras,-76.58946999,39.29866, , , , 
-8525804.7318,4764468.2802,660,660,98, ,98,Hopkins Fixed Cameras,-76.58860699,39.29814199, , , , 
-8525807.1808,4764519.0592,661,661,94, ,94,Hopkins Fixed Cameras,-76.58862899,39.29849499, , , , 
-8525807.1809,4764545.24,662,662,5, ,5,Hopkins Fixed Cameras,-76.588629,39.29867699, , , , 
-8525812.5242,4764610.98,663,663,2, ,2,Hopkins Fixed Cameras,-76.588677,39.299134, , , , 
-8525735.491,4764549.4117,664,664,7, ,7,Hopkins Fixed Cameras,-76.58798499,39.298706, , , , 
-8525734.2666,4764611.5554,665,665,1, ,1,Hopkins Fixed Cameras,-76.587974,39.29913799, , , , 
-8525739.6099,4764677.7273,666,666,22, ,22,Hopkins Fixed Cameras,-76.588022,39.299598, , , , 
-8525816.0864,4764675.4257,667,667,17, ,17,Hopkins Fixed Cameras,-76.588709,39.299582, , , , 
-8525906.2551,4764670.9663,668,668,11, ,11,Hopkins Fixed Cameras,-76.58951899,39.299551, , , , 
-8528321.01,4766750.69780001,669,669,518, ,Barclay St - 21st1/2 St,BPD Cameras/518-Barclay,-76.61121111,39.3140069, , , , 
-8525588.772,4764547.7674,670,670,603, ,Monumnet/Collington,BPD Cameras/603 Monumne,-76.586667,39.29869456, , , , 
-8532771.5509,4762137.26290001,671,671,1027, ,Smallwood/Ashton,BPD Cameras/1027 Smallw,-76.651191,39.28193556, , , , 
-8528585.5864,4762789.8894,672,672,1924, ,Pratt/Light,BPD Cameras/1924 -  Pra,-76.61358784,39.28647334, , , , 
-8529026.0334,4762775.4595,673,673,1923, ,Pratt/Sharp,BPD Cameras/1923 - Prat,-76.61754444,39.28637301, , , , 
